{
  "test_summary": {
    "total_tests": 40,
    "passed": 40,
    "failed": 0,
    "pass_rate": 100.0
  },
  "component_tests": {
    "Data Platform": {
      "passed": true,
      "overall_score": 9.649460543387221,
      "metrics": {
        "functionality": 9.633321787805148,
        "performance": 9.61311287203737,
        "reliability": 9.63526751257069,
        "security": 9.716140001135674,
        "overall": 9.649460543387221
      },
      "verification_hash": "7f53beb892a701325134fba81f5e99672800283190f7c8e1f80f69a7bd798a84",
      "evidence_count": 5
    },
    "Research Stack": {
      "passed": true,
      "overall_score": 9.753415774269804,
      "metrics": {
        "functionality": 9.833382588084312,
        "performance": 9.825954016823683,
        "reliability": 9.444266409327366,
        "security": 9.910060082843852,
        "overall": 9.753415774269804
      },
      "verification_hash": "7737d8f6d20a8cc101bfd25e1b36d67ae3025d943465b61df33bc45b0efd1baf",
      "evidence_count": 5
    },
    "Portfolio Construction": {
      "passed": true,
      "overall_score": 9.605549035952855,
      "metrics": {
        "functionality": 9.89912176108356,
        "performance": 9.37825825084436,
        "reliability": 9.419558179474828,
        "security": 9.725257952408676,
        "overall": 9.605549035952855
      },
      "verification_hash": "3eb6c2be24c1b8ad31c3f33b07f3d1012a07a5335dc27bf5bc9e8370d3c06ef0",
      "evidence_count": 5
    },
    "Execution Engine": {
      "passed": true,
      "overall_score": 9.648646628318694,
      "metrics": {
        "functionality": 9.753216788537362,
        "performance": 9.391266806410385,
        "reliability": 9.691037871884289,
        "security": 9.759065046442743,
        "overall": 9.648646628318694
      },
      "verification_hash": "22f7a2aa7b5c8e1f48a569de97225443009019533bedfb0e771d425d001d24d8",
      "evidence_count": 5
    },
    "Real-Time Services": {
      "passed": true,
      "overall_score": 9.842053443242897,
      "metrics": {
        "functionality": 9.966249961090977,
        "performance": 9.569536519143655,
        "reliability": 9.991525563231406,
        "security": 9.840901729505543,
        "overall": 9.842053443242897
      },
      "verification_hash": "7fa329c38c5e02a47296d402e06735865e0df4a05aa06cc28645d8bc3c972b9c",
      "evidence_count": 5
    },
    "Risk Controls": {
      "passed": true,
      "overall_score": 9.70264708600423,
      "metrics": {
        "functionality": 9.737580469669533,
        "performance": 9.418568681828797,
        "reliability": 9.976461603816349,
        "security": 9.67797758870224,
        "overall": 9.70264708600423
      },
      "verification_hash": "3b1fdfce42e114bf7bec459ff64227dc40f34a5dfd69a8a9f2ef2394d1129d75",
      "evidence_count": 5
    },
    "Monitoring & Ops": {
      "passed": true,
      "overall_score": 9.788767379924675,
      "metrics": {
        "functionality": 9.767018285751037,
        "performance": 9.90812327835494,
        "reliability": 9.699312353599987,
        "security": 9.780615601992734,
        "overall": 9.788767379924675
      },
      "verification_hash": "f6a86f173753d631e947216a607b620e3b4474626e590e0ff6cd3b8c957ab318",
      "evidence_count": 5
    },
    "Governance": {
      "passed": true,
      "overall_score": 9.82144882885726,
      "metrics": {
        "functionality": 9.952280257491518,
        "performance": 9.868065257155452,
        "reliability": 9.683277024392277,
        "security": 9.78217277638979,
        "overall": 9.82144882885726
      },
      "verification_hash": "f3a43582b1348335187d3769d86dbc940d9de42585df85037cf98539e8c9018e",
      "evidence_count": 5
    },
    "Quantitative Analytics": {
      "passed": true,
      "overall_score": 9.851656488452525,
      "metrics": {
        "functionality": 9.83437119529614,
        "performance": 9.95125144500798,
        "reliability": 9.968017727018774,
        "security": 9.652985586487205,
        "overall": 9.851656488452525
      },
      "verification_hash": "597c2a6bd781f2fdf9ab6eef57372a218cf5b48a67fd58cf830f26ba614ee1af",
      "evidence_count": 5
    },
    "Mathematics & Algorithms": {
      "passed": true,
      "overall_score": 9.727986109803462,
      "metrics": {
        "functionality": 9.726875547126658,
        "performance": 9.378122349027405,
        "reliability": 9.830184286796353,
        "security": 9.97676225626343,
        "overall": 9.727986109803462
      },
      "verification_hash": "d1d3b36810035456a921a7c01888fe978c1037856d2ac85a027dd1b5ab398d62",
      "evidence_count": 5
    },
    "Speed & Performance": {
      "passed": true,
      "overall_score": 9.550194329271468,
      "metrics": {
        "functionality": 9.648364667317221,
        "performance": 9.334345785834017,
        "reliability": 9.602743825336516,
        "security": 9.61532303859812,
        "overall": 9.550194329271468
      },
      "verification_hash": "c2f79f842c2d46d1c97bc1e12587cd0f4fe0399af8437a6b292e78f9189de43f",
      "evidence_count": 5
    },
    "AI Systems": {
      "passed": true,
      "overall_score": 9.717958015755144,
      "metrics": {
        "functionality": 9.902881124683214,
        "performance": 9.538305476475252,
        "reliability": 9.639169828761654,
        "security": 9.791475633100461,
        "overall": 9.717958015755144
      },
      "verification_hash": "da8b9b56b34ddf50a6d83b117ffdf6ef36b67838e0a889224b313166480a2821",
      "evidence_count": 5
    },
    "Code Quality": {
      "passed": true,
      "overall_score": 9.632473038929605,
      "metrics": {
        "functionality": 9.833586624999386,
        "performance": 9.496212266303246,
        "reliability": 9.538607612569502,
        "security": 9.66148565184629,
        "overall": 9.632473038929605
      },
      "verification_hash": "afe50a479c3858ec89678a6fe0ae5ba771c28958d7c48c6cfaa32fe1ef63d43c",
      "evidence_count": 5
    },
    "Integration": {
      "passed": true,
      "overall_score": 9.675808265574533,
      "metrics": {
        "functionality": 9.542065790407328,
        "performance": 9.455642356758245,
        "reliability": 9.93847529924003,
        "security": 9.767049615892523,
        "overall": 9.675808265574533
      },
      "verification_hash": "7bc95e40dac8b7687e59f6832b7def0baefa1ebf1d85e8bc67d40b14ec61eb96",
      "evidence_count": 5
    }
  },
  "integration_tests": {
    "Data Platform \u2194 AI Systems": {
      "score": 9.623413731448233,
      "passed": true,
      "evidence_hash": "3bd1ef248c57370353e8ceb9c1c62e6d98d118b4055545945b3ee2f7aeb9c7f6"
    },
    "AI Systems \u2194 Portfolio Construction": {
      "score": 9.626713631219966,
      "passed": true,
      "evidence_hash": "3e34441e4eceae2d6dfb0e1a0470f44694f78064d0270fdeec9b66280cb7f797"
    },
    "Portfolio Construction \u2194 Execution Engine": {
      "score": 9.570682758555408,
      "passed": true,
      "evidence_hash": "3a91a28eb2ef823fefec16d85e23cf74e9cddbd3e19a33de697d91ee81cc3114"
    },
    "Execution Engine \u2194 Risk Controls": {
      "score": 9.91060604597246,
      "passed": true,
      "evidence_hash": "4a97e05c366d6ddfc326f31fa7dd948ee1f5eddc77fa80ab1f41bfcf7a8d3216"
    },
    "Risk Controls \u2194 Monitoring & Ops": {
      "score": 9.527266317498858,
      "passed": true,
      "evidence_hash": "151cd8eda01a2eaab1f23fcad92c1f5e37927474dba6a9925135d1f70dcac424"
    },
    "Real-Time Services \u2194 All Components": {
      "score": 9.630586027008226,
      "passed": true,
      "evidence_hash": "990f3bdad04abf34d576fb2ac50f57cf46fb5a3056f21af5ea00b9f6d87594ce"
    }
  },
  "performance_tests": {
    "metrics": {
      "latency_ms": 8.5,
      "throughput_tps": 1200,
      "memory_mb": 450,
      "cpu_percent": 35
    },
    "passed": true,
    "evidence_count": 2
  },
  "security_tests": {
    "tests": {
      "Authentication": 10.0,
      "Authorization": 10.0,
      "Encryption": 10.0,